[{"model": "sessions.session", "pk": "c2s1vlzvtfax4hxeb31qfei1uh7eelwm", "fields": {"session_data": ".eJxVjMsOwiAQAP-FsyEL7fLw6L3fQJaFStXQpLQn478bkh70OjOZtwh07CUcLW9hSeIqlLj8skj8zLWL9KB6XyWvdd-WKHsiT9vktKb8up3t36BQK33rNZN2MGYY2HCeLSHOEVxiMohRI6JyHh0YZdgQ-BEdgdVqiNbZLD5f0C824g:1qIPH1:Vn4wYc4xMB40ZsY3PCb1qOVx0DiVk1l2_H3c7O06onY", "expire_date": "2023-07-23T07:56:03.782Z"}}, {"model": "sessions.session", "pk": "cbq5sq130vufgnh9bu0k81rd96ex08pa", "fields": {"session_data": ".eJxVjMsOwiAQAP-FsyEL7fLw6L3fQJaFStXQpLQn478bkh70OjOZtwh07CUcLW9hSeIqlLj8skj8zLWL9KB6XyWvdd-WKHsiT9vktKb8up3t36BQK33rNZN2MGYY2HCeLSHOEVxiMohRI6JyHh0YZdgQ-BEdgdVqiNbZLD5f0C824g:1qIUvf:-UqsBYUv6NZ2Cu7UuBoABD-pJEmebftBCW5CIg8wHso", "expire_date": "2023-07-23T13:58:23.935Z"}}, {"model": "sites.site", "pk": 1, "fields": {"domain": "example.com", "name": "example.com"}}, {"model": "activity.board", "pk": 1, "fields": {"company_user": 2, "logo": "company/2/logo/인톡_logo.png", "banner": "company/2/banner/Banner_example.jpeg", "title": null, "company_name": "주식회사 인톡", "introduction": "레거시 보험 문제를 풀고 있는 인톡팀입니다.\\r\\n저희 팀은 개인과 팀의 목표달성을 통해 서로의 꿈을 이뤄주는 문화를 가지고 있습니다.  \\r\\n핀테크, 인슈어테크 스타트업에서 Grit x 4가지x 문제해결능력을 가진 분을 찾습니다.", "vision": "보험은 인생에서 꼭 필요한 상품입니다. 하지만 그것을 다루고 있는 보험사는 60년이 넘게 같은 비즈니스 모델로 영업을 해왔습니다. 99%의 보험이 대면영업으로 이루어지는 시장에서, 보험설계사는 신계약에 대해서만 수당을 받습니다. 결국 지인이 떨어지면 일을 못하게 되어 전문성 있는 설계사가 살아남을 수 없기 때문에 소비자는 다시금 새로운 지인 설계사를 찾습니다.", "pride": "-", "address": "공덕역: 서울 제2핀테크랩, 서울 마포구 마포대로 78 자람빌딩", "duration": "30 00:00:00", "is_expired": false, "views": 0, "created_at": "2023-07-09T11:30:35.610Z", "updated_at": "2023-07-09T14:19:38.282Z"}}, {"model": "activity.board", "pk": 2, "fields": {"company_user": 3, "logo": "company/3/logo/놀잇_logo.png", "banner": "company/3/banner/Banner_example.jpeg", "title": "놀잇 마케팅", "company_name": "놀잇", "introduction": "놀잇은 알파세대를 위한 소셜 플랫폼으로, 아이들의 관심사에 따라 1:1로 매칭되어 상호작용을 할 수 있는 서비스 입니다.  이를 통해 아이들은 다양한 사람들과의 대화를 통해 소셜 능력을 키우고, 자신의 관심사를 공유하며 새로운 친구를 사귈 수 있는 기회를 제공합니다. 놀잇 팀은 아이들의 발달과 교육에 대한 전문 지식을 바탕으로 운영하며, 아이들의 건강한 성장을 위해 노력합니다.", "vision": "놀잇팀은 아이들이 건강하게 성장하고 즐겁게 놀 수 있는 환경을 제공하기 위해 노력하는 스타트업입니다. 놀잇팀은 유아교육전공자 출신으로 약 8년간 1500여편의 아동 콘텐츠를 기획해 온 최다은 대표를 중심으로, 교육의 출발선을 맞추는 취지로 창업되었습니다. 유튜브의 일방향적인 교육의 한계를 느끼고, 교류가 가능한 서비스를 만들고자 노력하고 있습니다.", "pride": "우리는 꿈과 열정으로 성장한 스타트업입니다.", "address": "서울특별시 강남구 역삼동 선릉로551 디캠프", "duration": "30 00:00:00", "is_expired": false, "views": 0, "created_at": "2023-07-09T12:24:27.646Z", "updated_at": "2023-07-09T14:19:57.917Z"}}, {"model": "activity.board", "pk": 3, "fields": {"company_user": 4, "logo": "company/4/logo/리빌더AI_logo.jpeg", "banner": "company/4/banner/Banner_example.jpeg", "title": "리빌더AI의 3D 크리에이터", "company_name": "리빌더AI", "introduction": "리빌더AI는 3D Reconstruction & Generative AI 솔루션을 기반으로 SaaS 플랫폼을 구축하고 있습니다. 또한 VRIN이라는 대중 플랫폼을 통해 누구나 쉽게 3D를 만들고 활용할 수 있는 서비스를 제공합니다.", "vision": "어떤 플랫폼이던 플랫폼 내에 콘텐츠 공급이 쉬워야 플랫폼이 성장할 수 있습니다. 모두가 꿈꾸는 디지털트윈, 메타버스 시대가 오기 위해서는 이를 구성하는 3D 콘텐츠 제작이 쉬워야합니다.\\r\\n저희 리빌더AI는 새로운 시장을 열고 있습니다. 누구나 쉽고 빠르게 휴대폰 촬영 만으로 주변의 사물과 공간을 3D로 만들 수 있습니다. 저희와 함께 새로운 시대의 문을 열 인재들을 모집합니다.", "pride": ":네잎클로버: 유연 근무제 (오전 8시에서 11시 사이 자유롭게 출근 가능) :네잎클로버: 여름, 연말 특별 유급 휴가 (연차와 별개로 특별 유급 휴가를 반기마다 지급합니다) :네잎클로버: 여름과 겨울 휴가 보너스 (100 만원) :네잎클로버: 아침/점심/저녁 식비 모두 지원 :네잎클로버: 출퇴근 셔틀 제공", "address": "서울특별시 서초구 성촌길 56", "duration": "30 00:00:00", "is_expired": false, "views": 0, "created_at": "2023-07-09T12:37:08.393Z", "updated_at": "2023-07-09T14:20:12.405Z"}}, {"model": "activity.board", "pk": 4, "fields": {"company_user": 5, "logo": "company/5/logo/라피_logo.png", "banner": "company/5/banner/Banner_example.jpeg", "title": null, "company_name": "주식회사 라피", "introduction": "라피끄는 2017년에 창업한 화장품 연구개발 스타트업으로, 혁신적인 화장품 원료를 개발하고 이를 통해 세상에 없던 화장품으로 소비자와 시장을 이롭게 함을 목표로 하고 있습니다.", "vision": "저희는 화장품 업계에서 독창적인 기술을 바탕으로 성장을 위한 도약을 하고 있는 회사입니다. 기존 화장품 업계에서 사용하는 식물추출물의 문제점을 해결하고자 식물체를 화장품에 직접 첨가할 수 있는 기술을 개발하였으며, 기존의 문제를 해결하는 것에 그치지 않고 높은 부가가치를 창조할 수 있는 실질적인 솔루션을 제공하기 위해 노력하고 있습니다. 그 결과 PLENTYPLANT라는 자체 브랜드를 런칭하였습니다. 라피끄의 성장에 대학생들의 새로운 활력과 에너지가 함께 했으면 좋겠습니다.", "pride": "쾌적한 사무환경을 제공합니다. 회사 탕비실 내에 간식이 항상 구비되어 있습니다. 활동기간 동안 자유롭게 사용 가능합니다! 신규 제품 런칭시 제품 제공해드립니다.", "address": "서울특별시 서초구 명달로 22길 8, 서덕빌딩 3", "duration": "30 00:00:00", "is_expired": false, "views": 0, "created_at": "2023-07-09T13:04:42.491Z", "updated_at": "2023-07-09T14:21:34.394Z"}}, {"model": "activity.board", "pk": 5, "fields": {"company_user": 6, "logo": "", "banner": "company/6/banner/Banner_example.jpeg", "title": null, "company_name": "바이트컴퍼니", "introduction": "비즈니스&경제 뉴미디어, 바이트컴퍼니입니다.\\r\\n바쁜 현대인들이 꼭 알아야 할 비즈니스&경제 이슈들을 알기 쉽게 정리해주는 무료 뉴스레터, \\\"데일리 바이트\\\"와 인사이트 있는 정보를 전달하는 프리미엄 멤버십, 'Byte+'를 운영 중입니다.\\r\\n현재 5만 명이 넘는 분들이 Byte에서 정보를 얻어가고 있으며, 삼성증권, 카카오페이 등 국내 유명 금융/증권사와 제휴를 맺고 있습니다.", "vision": "Byte는 기존 언론사 뉴스의 문제점을 확인하고 이를 개선하기 위해 노력하고 있습니다. 특히 비즈니스&경제 이슈의 경우, 정보가 실시간으로 업데이트되고 흩어져 있는데다 용어도 어려워서 많은 사람들이 정보를 얻는 데 큰 어려움을 겪고 있는데요.\\r\\nByte는 어려운 용어들은 최대한 쉽게 풀어서, 흩어져 있는 정보들은 하나로 모아 하나의 정리된 콘텐츠를 제공하고 있습니다. 구독자들은 Byte를 통해 빠르게 변하는 세상의 흐름과 핵심을 한 눈에 알 수 있죠.\\r\\n이 외에도 다양한 프로젝트들도 진행하고 있으니, 여러분의 아이디어를 실행까지 옮겨보실 수 있을거라 생각됩니다. 많은 지원 부탁드려요!", "pride": "출근할 경우, 근처 맛집에서 점심 식대를 지원하며, 커피 및 우유 등 음료는 무제한 제공합니다. 자율 출퇴근이며, 11시~5시 코어타임이 있으나, 지원자 분들은 각자 편의를 고려해 더 자유롭게 근무하실 수 있도록 조율하겠습니다.", "address": "서울시 구로구 디지털로 300 1208호", "duration": "30 00:00:00", "is_expired": false, "views": 0, "created_at": "2023-07-09T13:07:51.332Z", "updated_at": "2023-07-09T14:21:44.653Z"}}, {"model": "activity.board", "pk": 6, "fields": {"company_user": 7, "logo": "company/7/logo/GFD_logo.png", "banner": "company/7/banner/Banner_example.jpeg", "title": "건강관리 교육 대외활동", "company_name": "GFD", "introduction": "GFD는 피지컬갤러리 창업자와 서울대학교 연구원이 국내외 피트니스 시장의 올바른 방향과 비전을 제시하기 위해 만들어진 회사입니다.", "vision": "GFD는 피지컬갤러리 창업자와 서울대학교 연구원이 함께 만든 회사로, 현재 서울대학교 SNUF 교육과정을 비롯하여 다양한 피트니스 전문가 과정을 운영 중이며 독일, 베트남, 일본 등 다국적 피트니스 전문가들을 한국 피트니스 시장에 유입시켜 국내외 피트니스 시장이 올바른 방향으로 나아갈 수 있도록 다양한 비전과 방향성을 제시합니다.", "pride": "회사에서 식사를 제공합니다. 피트니스 분야 최고의 교육을 무료로 들을 수 있어요.", "address": "서울특별시 서대문구 연세로5길 26-17", "duration": "30 00:00:00", "is_expired": false, "views": 0, "created_at": "2023-07-09T13:11:08.762Z", "updated_at": "2023-07-09T14:21:56.343Z"}}, {"model": "activity.board", "pk": 7, "fields": {"company_user": 8, "logo": "company/8/logo/위드마인드_logo.jpeg", "banner": "company/8/banner/Banner_example.jpeg", "title": null, "company_name": "위드마인드", "introduction": "위드마인드는 AI기반의 면접 솔루션을 보유하고 있는 회사입니다.\\r\\n저희 솔루션을 기반으로 인재매칭 서비스를 런칭할 계획입니다.", "vision": "저희는 신입채용 시장을 타겟한 인재매칭 시장 BM을 서비스하고자 합니다.\\r\\n대학졸업생들의 취업률을 높이고, 신입채용을 원하는 기업을 효율적으로 매칭하는 서비스입니다.", "pride": "국내 최고의 AI면접 서비스 회사로 국내에서는 최초로 GPT연계한 인터랙션 AI면접 서비스를 개발하였습니다.", "address": "서울 서대문구 이화여대1길 10 예스에이피엠 803, 806호", "duration": "30 00:00:00", "is_expired": false, "views": 0, "created_at": "2023-07-09T13:14:37.321Z", "updated_at": "2023-07-09T14:22:06.835Z"}}, {"model": "activity.board", "pk": 8, "fields": {"company_user": 9, "logo": "company/9/logo/피에로컴퍼니_logo.png", "banner": "company/9/banner/Banner_example.jpeg", "title": null, "company_name": "주식회사 피에로컴퍼니", "introduction": "주식회사 피에로컴퍼니는 글로벌 자원 선순환을 달성하는 것을 미션으로 전자기기 리퍼비시 시장을 개척하고 있어요.\\r\\n탄소 배출과 무분별한 자원 채굴로 발생하는 환경 피해를 줄이고 보다 많은 사람들이 저렴하게 스마트기기의 혜택을 누릴 수 있도록 연구해요.", "vision": "저희의 미션 두가지는, 1) 전세계 모든이가 IT기기의 혜택을 누리게 함과 2) 글로벌 자원 선순환을 달성하는 것입니다.", "pride": "자율 출근제로 원하는 시간에 출근하여 8시간만 근무하면 됩니다. 중식도 무료로 제공하고 저희가 리퍼기기를 다루는 기업이기에 원하는 기기를 사용해 볼 수 있어요.", "address": "서울특별시 강남구 선릉로93길 40, 소셜벤처허브 3층", "duration": "30 00:00:00", "is_expired": false, "views": 0, "created_at": "2023-07-09T13:20:34.911Z", "updated_at": "2023-07-09T14:22:17.022Z"}}, {"model": "activity.board", "pk": 9, "fields": {"company_user": 10, "logo": "company/10/logo/대박컴퍼니_logo.png", "banner": "company/10/banner/Banner_example.jpeg", "title": null, "company_name": "주식회사 더대박컴퍼니", "introduction": "한국과 전 세계를 잇는 한류 이커머스 플랫폼 Daebak 입니다. 글로벌 한류팬들을 대상으로 트렌디한 한국제품을 1) 정기구독박스 2) 브랜드샵 형태로 판매중이고, SNS 를 통해서는 다양한 한국문화 관련 콘텐츠를 제작하여 전달하고 있습니다.", "vision": "한국 제품에 대한 글로벌 니즈 증가에 비해, 그것을 위한 플랫폼이 없다고 느꼈습니다. 한국의 브랜드 사이트들은 대부분 영어 번역이 없고, 글로벌 결제 시스템 & 배송옵션이 없었습니다.\\r\\n또한 많은 팝업과, 복잡한 사이트 구조로, 글로벌 유저들은 좌절을 겪어 왔습니다.\\r\\n한국 브랜드사 입장에서는, 글로벌 고객들이 브랜드를 좋아하게 만드는 것이 아닌, 제품 강조 위주의 마케팅으로, 글로벌 고객들에게 큰 주목을 받지 못하고 있었습니다.\\r\\n위와 같은 문제점을 해결하고 1) 글로벌 유저와 2) 한국브랜드사를 연결하는 중간다리가 되고 싶어 Daebak을 론칭하였습니다.\\r\\nDaebak을 유저들이 먼저 좋아할 수 있게, 제품이 아닌 한국 문화 관련 콘텐츠를 만들어 SNS 통해 전달하였고, 그 결과 SNS 채널들에 40만명의 글로벌 팔로워를 보유하게 되었습니다. 신뢰감있고 친숙한 브랜드로서 온라인 고객 커뮤니티를 확장중입니다.\\r\\n한국 브랜드사들의 제품들을 1) 정기구독박스와 2)브랜드샵을 활용하여 홍보해주고 있고, 그들의 제품으로 만든 콘텐츠를 SNS, 이메일 뉴스테러 통해 홍보중입니다.\\r\\n양질의 콘텐츠 제작에 많은 에너지를 쏟고 있기에, 콘텐츠 제작 관련 인턴들을 모집하게 되었습니다.", "pride": "프랑스, 미국, 독일, 스웨덴 대학원에서 온 10명의 글로벌 인턴들과 함께 인턴쉽이 진행됩니다. 다양한 국적의 인턴들이 있는 만큼, 분위기가 즐겁고 열정적입니다.", "address": "서울 마포구 동교로 100길 수영빌딩 301호", "duration": "30 00:00:00", "is_expired": false, "views": 0, "created_at": "2023-07-09T13:24:27.453Z", "updated_at": "2023-07-09T14:22:36.821Z"}}, {"model": "activity.activity", "pk": 1, "fields": {"board": 1, "title": "마케팅 서포터즈", "kind": "sns마케팅", "people_number": 1, "talent": "Grit x 4가지x 문제해결능력을 가진 분", "frequency": "1명당 주", "way": "온라인 및 오프라인", "period": "90 00:00:00", "recruit": true, "payment": "월 5만원부터 스스로 만든 지표 달성시 10x~"}}, {"model": "activity.activity", "pk": 2, "fields": {"board": 1, "title": "마이크로 인플루언서", "kind": "sns마케팅", "people_number": 1, "talent": "Grit x 4가지x 문제해결능력을 가진 분", "frequency": "1명당 주", "way": "1주일에 과제 1개씩 온라인", "period": "180 00:00:00", "recruit": true, "payment": "월 5만원부터 스스로 만든 지표 달성시 10x~"}}, {"model": "activity.activity", "pk": 3, "fields": {"board": 1, "title": "App 서비스 사용 홍보", "kind": "블로그 마케팅", "people_number": 1, "talent": "Grit x 4가지x 문제해결능력을 가진 분", "frequency": "1명당 주", "way": "온라인 과제", "period": "180 00:00:00", "recruit": true, "payment": "월 5만원부터 스스로 만든 지표 달성시 ~10x"}}, {"model": "activity.activity", "pk": 4, "fields": {"board": 2, "title": "인스타그램 피드운영", "kind": "sns마케팅", "people_number": 2, "talent": "서비스의 본질을 잘 이해하고, 창의적인 아이디어와 실행력을 가지고 있는 인재를 환영합니다. 최소한의 어도비 혹은 영상 편집 능력을 가진 인재를 찾고 있습니다.", "frequency": "인스타그램 피드 1주일 2건", "way": "복합형(주 1회 대면 전략회의 참석 희망)", "period": "90 00:00:00", "recruit": true, "payment": "월 20만원 이상 지원 가능(협의)"}}, {"model": "activity.activity", "pk": 5, "fields": {"board": 2, "title": "기자단/에디터", "kind": "블로그 글 작성", "people_number": 2, "talent": "서비스의 본질을 잘 이해하고, 창의적인 아이디어와 실행력을 가지고 있는 인재를 환영합니다. 최소한의 어도비 혹은 영상 편집 능력을 가진 인재를 찾고 있습니다.", "frequency": "블로그 게시글 1주일 1건", "way": "복합형(주 1회 대면 전략회의 참석 희망)", "period": "90 00:00:00", "recruit": true, "payment": "월 20만원 이상 지원 가능(협의)"}}, {"model": "activity.activity", "pk": 6, "fields": {"board": 3, "title": "3D 크리에이터", "kind": "App 사용 홍보", "people_number": 3, "talent": "3D 모델링을 몰라도 괜찮습니다. 저희 앱을 이용해 주변의 다양한 사물을 촬영하면 3D를 쉽게 만들 수 있습니다. 사진 촬영만으로 3D 크리에이터가 되어보세요.\\r\\n- 영상을 편집할 수 있는 사람이면 좋습니다.\\r\\n- 3D 모델을 다뤄본적이 있는 사람이면 좋습니다.\\r\\n- 적극적이고 활동적인 분을 선호합니다.\\r\\n- 대외활동 이후에도 함께 성장할 수 있는 분을 찾습니다", "frequency": "협의 후 결정", "way": "자유 (비대면, 대면 모두 가능)", "period": "90 00:00:00", "recruit": true, "payment": "분야에 따라 0~20만원"}}, {"model": "activity.activity", "pk": 7, "fields": {"board": 3, "title": "서포터즈", "kind": "온라인 홍보", "people_number": 2, "talent": "VRIN 홍보 콘텐츠를 만듭니다. 블로그, 인스타, 카드 뉴스 등 회사를 홍보해주는 일을 하게 됩니다.\\r\\n- 영상을 편집할 수 있는 사람이면 좋습니다.\\r\\n- 3D 모델을 다뤄본적이 있는 사람이면 좋습니다.\\r\\n- 적극적이고 활동적인 분을 선호합니다.\\r\\n- 대외활동 이후에도 함께 성장할 수 있는 분을 찾습니다", "frequency": "협의 후 결정", "way": "자유 (비대면, 대면 모두 가능)", "period": "90 00:00:00", "recruit": true, "payment": "분야에 따라 0~20만원"}}, {"model": "activity.activity", "pk": 8, "fields": {"board": 4, "title": "마케팅 서포터즈", "kind": "sns마케팅", "people_number": 1, "talent": "1) 배우고 싶은 열정이 넘치는 분\\r\\n2) 원활한 커뮤니케이션 능력을 갖추신분\\r\\n3) 화장품 관련 SNS 홍보 경험이 있으신 분", "frequency": "1주 당 인스타그램 피드 내용 1개 기획", "way": "복합형 (주1회 대면, 나머지 비대면)\\r\\n- 제작 방향 제시 및 성과 공유", "period": "180 00:00:00", "recruit": true, "payment": "20만"}}, {"model": "activity.activity", "pk": 9, "fields": {"board": 5, "title": "마케팅 서포터즈/영상 콘텐츠 에디터", "kind": "온라인 마케팅", "people_number": 2, "talent": "블로그 및 SNS를 잘 다루시는 분\\r\\n영상 콘텐츠에 관심이 많고 편집을 하실 수 있는 분\\r\\n이 외에 콘텐츠에 관심이 많은 분은 누구나!", "frequency": "지원자 분들의 편의를 최대한고려해 협의 후 진행하겠습니다.", "way": "지원자 분들의 편의를 최대한고려해 협의 후 진행하겠습니다.", "period": "180 00:00:00", "recruit": true, "payment": "추후 협의"}}, {"model": "activity.activity", "pk": 10, "fields": {"board": 6, "title": "전국 노인복지관 디지털 건강관리 교육", "kind": "오프라인 강사", "people_number": 300, "talent": "노인 및 복지에 관심이 많은 자, 배우고 싶은 열정이 넘치는 자, 교육에 관심이 많은 자, 사람들과 쉽게 친해지는 자", "frequency": "현장형 업무 100%로, 별도의 산출물은 존재하지 않습니다.", "way": "현장형 100%", "period": "90 00:00:00", "recruit": true, "payment": "월 20만원"}}, {"model": "activity.activity", "pk": 11, "fields": {"board": 7, "title": "마케팅,인플루언서", "kind": "sns마케팅", "people_number": 3, "talent": "블로그 홍보를 잘하고, 연락이 잘 되며, 자신의 일에 대해 진심이신 분", "frequency": "1명당 1주 내 블로그 글 한개", "way": "복합형(2주 1회 대면, 나머지 비대면)", "period": "180 00:00:00", "recruit": true, "payment": "20만원"}}, {"model": "activity.activity", "pk": 12, "fields": {"board": 8, "title": "퍼포먼스 마케터, 콘텐츠 마케터", "kind": "온라인 마케팅", "people_number": 3, "talent": "성장형 마인드셋을 가진, 열정적인, 책임감 있는 인재를 찾습니다.", "frequency": "최소 주 2회 콘텐츠 및 글 개제", "way": "최소 주 2회 출퇴근,\\r\\n지방 거주자는 재택 가능", "period": "180 00:00:00", "recruit": true, "payment": "중식 제공, 개인 PC 제공"}}, {"model": "activity.activity", "pk": 13, "fields": {"board": 9, "title": "영상/사진 모델, 콘텐츠 제작", "kind": "sns마케팅", "people_number": 2, "talent": "팀워크를 중시하고, 근무태도가 좋은 인턴을 구합니다. 조금이라도 영상/사진 촬영이나 동영상(숏폼) 에디팅 경험이 있는 분이면 좋을것 같습니다.", "frequency": "일주일에 인스타그램/틱톡 콘텐츠 1~3개 제작.", "way": "대면 (월,수,금/ 또는 일주일에 3번)", "period": "90 00:00:00", "recruit": true, "payment": "인당 월 10만원 지원하겠습니다."}}, {"model": "user.user", "pk": 1, "fields": {"password": "pbkdf2_sha256$600000$1iVfIOx7GC02LNOsJbviMA$mcb5+1pGZ/t94prwIfesVGjML/OJGGAGGzR5dMgW6rA=", "last_login": "2023-07-09T13:58:23.929Z", "is_superuser": true, "email": "hsw8147@gmail.com", "created_at": "2023-07-09T07:55:49.500Z", "updated_at": "2023-07-09T07:55:49.500Z", "is_active": true, "is_staff": true, "groups": [], "user_permissions": []}}, {"model": "user.user", "pk": 2, "fields": {"password": "3DNOZVxR5oxPIam", "last_login": "2023-07-09T08:02:32Z", "is_superuser": false, "email": "test1@gmail.com", "created_at": "2023-07-09T08:04:31.431Z", "updated_at": "2023-07-09T08:04:31.431Z", "is_active": true, "is_staff": false, "groups": [], "user_permissions": []}}, {"model": "user.user", "pk": 3, "fields": {"password": "3DNOZVxR5oxPIam", "last_login": "2023-07-09T08:06:42Z", "is_superuser": false, "email": "test2@gmail.com", "created_at": "2023-07-09T08:06:56.831Z", "updated_at": "2023-07-09T08:06:56.831Z", "is_active": true, "is_staff": false, "groups": [], "user_permissions": []}}, {"model": "user.user", "pk": 4, "fields": {"password": "3DNOZVxR5oxPIam", "last_login": "2023-07-09T08:07:06Z", "is_superuser": false, "email": "test3@gmail.com", "created_at": "2023-07-09T08:07:21.196Z", "updated_at": "2023-07-09T08:07:21.196Z", "is_active": true, "is_staff": false, "groups": [], "user_permissions": []}}, {"model": "user.user", "pk": 5, "fields": {"password": "3DNOZVxR5oxPIam", "last_login": "2023-07-09T08:07:30Z", "is_superuser": false, "email": "test4@gmail.com", "created_at": "2023-07-09T08:07:41.053Z", "updated_at": "2023-07-09T08:07:41.053Z", "is_active": true, "is_staff": false, "groups": [], "user_permissions": []}}, {"model": "user.user", "pk": 6, "fields": {"password": "3DNOZVxR5oxPIam", "last_login": "2023-07-09T08:07:47Z", "is_superuser": false, "email": "test5@gmail.com", "created_at": "2023-07-09T08:07:57.127Z", "updated_at": "2023-07-09T08:07:57.127Z", "is_active": true, "is_staff": false, "groups": [], "user_permissions": []}}, {"model": "user.user", "pk": 7, "fields": {"password": "3DNOZVxR5oxPIam", "last_login": "2023-07-09T08:08:03Z", "is_superuser": false, "email": "test6@gmail.com", "created_at": "2023-07-09T08:08:12.820Z", "updated_at": "2023-07-09T08:08:12.820Z", "is_active": true, "is_staff": false, "groups": [], "user_permissions": []}}, {"model": "user.user", "pk": 8, "fields": {"password": "3DNOZVxR5oxPIam", "last_login": "2023-07-09T08:08:19Z", "is_superuser": false, "email": "test7@gmail.com", "created_at": "2023-07-09T08:08:28.503Z", "updated_at": "2023-07-09T08:08:28.503Z", "is_active": true, "is_staff": false, "groups": [], "user_permissions": []}}, {"model": "user.user", "pk": 9, "fields": {"password": "3DNOZVxR5oxPIam", "last_login": "2023-07-09T08:08:43Z", "is_superuser": false, "email": "test8@gmail.com", "created_at": "2023-07-09T08:08:53.670Z", "updated_at": "2023-07-09T08:08:53.670Z", "is_active": true, "is_staff": false, "groups": [], "user_permissions": []}}, {"model": "user.user", "pk": 10, "fields": {"password": "3DNOZVxR5oxPIam", "last_login": "2023-07-09T08:08:59Z", "is_superuser": false, "email": "test9@gmail.com", "created_at": "2023-07-09T08:09:07.949Z", "updated_at": "2023-07-09T08:09:07.949Z", "is_active": true, "is_staff": false, "groups": [], "user_permissions": []}}, {"model": "user.companyuser", "pk": 2, "fields": {"business_number": "1234567891", "ceo_name": "테스트대표1", "start_date": "2023-07-09", "corporate_number": "1234567890121", "manager_phone": "01012345678", "manager_email": "test1@gmail.com"}}, {"model": "user.companyuser", "pk": 3, "fields": {"business_number": "1234567892", "ceo_name": "테스트대표2", "start_date": "2023-07-09", "corporate_number": "1234567890122", "manager_phone": "01012345678", "manager_email": "test2@gmail.com"}}, {"model": "user.companyuser", "pk": 4, "fields": {"business_number": "1234567893", "ceo_name": "테스트대표3", "start_date": "2023-07-09", "corporate_number": "1234567890123", "manager_phone": "01012345678", "manager_email": "test3@gmail.com"}}, {"model": "user.companyuser", "pk": 5, "fields": {"business_number": "1234567894", "ceo_name": "테스트대표4", "start_date": "2023-07-09", "corporate_number": "1234567890124", "manager_phone": "01012345678", "manager_email": "test4@gmail.com"}}, {"model": "user.companyuser", "pk": 6, "fields": {"business_number": "1234567895", "ceo_name": "테스트대표5", "start_date": "2023-07-09", "corporate_number": "1234567890125", "manager_phone": "01012345678", "manager_email": "test5@gmail.com"}}, {"model": "user.companyuser", "pk": 7, "fields": {"business_number": "1234567896", "ceo_name": "테스트대표6", "start_date": "2023-07-09", "corporate_number": "1234567890126", "manager_phone": "01012345678", "manager_email": "test6@gmail.com"}}, {"model": "user.companyuser", "pk": 8, "fields": {"business_number": "1234567897", "ceo_name": "테스트대표7", "start_date": "2023-07-09", "corporate_number": "1234567890127", "manager_phone": "01012345678", "manager_email": "test7@gmail.com"}}, {"model": "user.companyuser", "pk": 9, "fields": {"business_number": "1234567898", "ceo_name": "테스트대표8", "start_date": "2023-07-09", "corporate_number": "1234567890128", "manager_phone": "01012345678", "manager_email": "test8@gmail.com"}}, {"model": "user.companyuser", "pk": 10, "fields": {"business_number": "1234567899", "ceo_name": "테스트대표9", "start_date": "2023-07-09", "corporate_number": "1234567890129", "manager_phone": "01012345678", "manager_email": "test9@gmail.com"}}, {"model": "admin.logentry", "pk": 1, "fields": {"action_time": "2023-07-09T08:04:31.436Z", "user": ["hsw8147@gmail.com"], "content_type": ["user", "user"], "object_id": "2", "object_repr": "test1", "action_flag": 1, "change_message": "[{\"added\": {}}]"}}, {"model": "admin.logentry", "pk": 2, "fields": {"action_time": "2023-07-09T08:06:56.836Z", "user": ["hsw8147@gmail.com"], "content_type": ["user", "user"], "object_id": "3", "object_repr": "test2", "action_flag": 1, "change_message": "[{\"added\": {}}]"}}, {"model": "admin.logentry", "pk": 3, "fields": {"action_time": "2023-07-09T08:07:21.200Z", "user": ["hsw8147@gmail.com"], "content_type": ["user", "user"], "object_id": "4", "object_repr": "test3", "action_flag": 1, "change_message": "[{\"added\": {}}]"}}, {"model": "admin.logentry", "pk": 4, "fields": {"action_time": "2023-07-09T08:07:41.057Z", "user": ["hsw8147@gmail.com"], "content_type": ["user", "user"], "object_id": "5", "object_repr": "test4", "action_flag": 1, "change_message": "[{\"added\": {}}]"}}, {"model": "admin.logentry", "pk": 5, "fields": {"action_time": "2023-07-09T08:07:57.132Z", "user": ["hsw8147@gmail.com"], "content_type": ["user", "user"], "object_id": "6", "object_repr": "test5", "action_flag": 1, "change_message": "[{\"added\": {}}]"}}, {"model": "admin.logentry", "pk": 6, "fields": {"action_time": "2023-07-09T08:08:12.824Z", "user": ["hsw8147@gmail.com"], "content_type": ["user", "user"], "object_id": "7", "object_repr": "test6", "action_flag": 1, "change_message": "[{\"added\": {}}]"}}, {"model": "admin.logentry", "pk": 7, "fields": {"action_time": "2023-07-09T08:08:28.507Z", "user": ["hsw8147@gmail.com"], "content_type": ["user", "user"], "object_id": "8", "object_repr": "test7", "action_flag": 1, "change_message": "[{\"added\": {}}]"}}, {"model": "admin.logentry", "pk": 8, "fields": {"action_time": "2023-07-09T08:08:53.675Z", "user": ["hsw8147@gmail.com"], "content_type": ["user", "user"], "object_id": "9", "object_repr": "test8", "action_flag": 1, "change_message": "[{\"added\": {}}]"}}, {"model": "admin.logentry", "pk": 9, "fields": {"action_time": "2023-07-09T08:09:07.953Z", "user": ["hsw8147@gmail.com"], "content_type": ["user", "user"], "object_id": "10", "object_repr": "test9", "action_flag": 1, "change_message": "[{\"added\": {}}]"}}, {"model": "admin.logentry", "pk": 10, "fields": {"action_time": "2023-07-09T08:11:00.953Z", "user": ["hsw8147@gmail.com"], "content_type": ["user", "companyuser"], "object_id": "2", "object_repr": "CompanyUser object (2)", "action_flag": 1, "change_message": "[{\"added\": {}}]"}}, {"model": "admin.logentry", "pk": 11, "fields": {"action_time": "2023-07-09T08:11:07.474Z", "user": ["hsw8147@gmail.com"], "content_type": ["user", "companyuser"], "object_id": "2", "object_repr": "CompanyUser object (2)", "action_flag": 2, "change_message": "[]"}}, {"model": "admin.logentry", "pk": 12, "fields": {"action_time": "2023-07-09T08:12:58.409Z", "user": ["hsw8147@gmail.com"], "content_type": ["user", "companyuser"], "object_id": "3", "object_repr": "CompanyUser object (3)", "action_flag": 1, "change_message": "[{\"added\": {}}]"}}, {"model": "admin.logentry", "pk": 13, "fields": {"action_time": "2023-07-09T08:13:04.160Z", "user": ["hsw8147@gmail.com"], "content_type": ["user", "companyuser"], "object_id": "2", "object_repr": "CompanyUser object (2)", "action_flag": 2, "change_message": "[]"}}, {"model": "admin.logentry", "pk": 14, "fields": {"action_time": "2023-07-09T08:22:48.995Z", "user": ["hsw8147@gmail.com"], "content_type": ["user", "companyuser"], "object_id": "4", "object_repr": "CompanyUser object (4)", "action_flag": 1, "change_message": "[{\"added\": {}}]"}}, {"model": "admin.logentry", "pk": 15, "fields": {"action_time": "2023-07-09T08:23:27.982Z", "user": ["hsw8147@gmail.com"], "content_type": ["user", "companyuser"], "object_id": "4", "object_repr": "CompanyUser object (4)", "action_flag": 3, "change_message": ""}}, {"model": "admin.logentry", "pk": 16, "fields": {"action_time": "2023-07-09T08:23:27.984Z", "user": ["hsw8147@gmail.com"], "content_type": ["user", "companyuser"], "object_id": "3", "object_repr": "CompanyUser object (3)", "action_flag": 3, "change_message": ""}}, {"model": "admin.logentry", "pk": 17, "fields": {"action_time": "2023-07-09T08:24:03.649Z", "user": ["hsw8147@gmail.com"], "content_type": ["user", "companyuser"], "object_id": "3", "object_repr": "CompanyUser object (3)", "action_flag": 1, "change_message": "[{\"added\": {}}]"}}, {"model": "admin.logentry", "pk": 18, "fields": {"action_time": "2023-07-09T08:24:38.352Z", "user": ["hsw8147@gmail.com"], "content_type": ["user", "companyuser"], "object_id": "3", "object_repr": "CompanyUser object (3)", "action_flag": 3, "change_message": ""}}, {"model": "admin.logentry", "pk": 19, "fields": {"action_time": "2023-07-09T08:24:38.355Z", "user": ["hsw8147@gmail.com"], "content_type": ["user", "companyuser"], "object_id": "2", "object_repr": "CompanyUser object (2)", "action_flag": 3, "change_message": ""}}, {"model": "admin.logentry", "pk": 20, "fields": {"action_time": "2023-07-09T08:26:25.386Z", "user": ["hsw8147@gmail.com"], "content_type": ["user", "companyuser"], "object_id": "2", "object_repr": "CompanyUser object (2)", "action_flag": 1, "change_message": "[{\"added\": {}}]"}}, {"model": "admin.logentry", "pk": 21, "fields": {"action_time": "2023-07-09T08:29:41.731Z", "user": ["hsw8147@gmail.com"], "content_type": ["user", "companyuser"], "object_id": "2", "object_repr": "test1", "action_flag": 2, "change_message": "[]"}}, {"model": "admin.logentry", "pk": 22, "fields": {"action_time": "2023-07-09T08:33:28.698Z", "user": ["hsw8147@gmail.com"], "content_type": ["user", "companyuser"], "object_id": "2", "object_repr": "1234567891", "action_flag": 2, "change_message": "[]"}}, {"model": "admin.logentry", "pk": 23, "fields": {"action_time": "2023-07-09T08:46:55.947Z", "user": ["hsw8147@gmail.com"], "content_type": ["user", "companyuser"], "object_id": "3", "object_repr": "1234567892", "action_flag": 1, "change_message": "[{\"added\": {}}]"}}, {"model": "admin.logentry", "pk": 24, "fields": {"action_time": "2023-07-09T08:49:39.380Z", "user": ["hsw8147@gmail.com"], "content_type": ["user", "companyuser"], "object_id": "4", "object_repr": "1234567893", "action_flag": 1, "change_message": "[{\"added\": {}}]"}}, {"model": "admin.logentry", "pk": 25, "fields": {"action_time": "2023-07-09T08:51:22.451Z", "user": ["hsw8147@gmail.com"], "content_type": ["user", "companyuser"], "object_id": "5", "object_repr": "1234567894", "action_flag": 1, "change_message": "[{\"added\": {}}]"}}, {"model": "admin.logentry", "pk": 26, "fields": {"action_time": "2023-07-09T08:53:13.260Z", "user": ["hsw8147@gmail.com"], "content_type": ["user", "companyuser"], "object_id": "6", "object_repr": "1234567895", "action_flag": 1, "change_message": "[{\"added\": {}}]"}}, {"model": "admin.logentry", "pk": 27, "fields": {"action_time": "2023-07-09T08:53:50.639Z", "user": ["hsw8147@gmail.com"], "content_type": ["user", "companyuser"], "object_id": "7", "object_repr": "1234567896", "action_flag": 1, "change_message": "[{\"added\": {}}]"}}, {"model": "admin.logentry", "pk": 28, "fields": {"action_time": "2023-07-09T08:54:36.507Z", "user": ["hsw8147@gmail.com"], "content_type": ["user", "companyuser"], "object_id": "6", "object_repr": "1234567895", "action_flag": 2, "change_message": "[{\"changed\": {\"fields\": [\"Ceo name\"]}}]"}}, {"model": "admin.logentry", "pk": 29, "fields": {"action_time": "2023-07-09T08:55:31.766Z", "user": ["hsw8147@gmail.com"], "content_type": ["user", "companyuser"], "object_id": "8", "object_repr": "1234567897", "action_flag": 1, "change_message": "[{\"added\": {}}]"}}, {"model": "admin.logentry", "pk": 30, "fields": {"action_time": "2023-07-09T08:56:19.051Z", "user": ["hsw8147@gmail.com"], "content_type": ["user", "companyuser"], "object_id": "9", "object_repr": "1234567898", "action_flag": 1, "change_message": "[{\"added\": {}}]"}}, {"model": "admin.logentry", "pk": 31, "fields": {"action_time": "2023-07-09T08:56:21.040Z", "user": ["hsw8147@gmail.com"], "content_type": ["user", "companyuser"], "object_id": "8", "object_repr": "1234567897", "action_flag": 2, "change_message": "[]"}}, {"model": "admin.logentry", "pk": 32, "fields": {"action_time": "2023-07-09T08:56:24.383Z", "user": ["hsw8147@gmail.com"], "content_type": ["user", "companyuser"], "object_id": "7", "object_repr": "1234567896", "action_flag": 2, "change_message": "[]"}}, {"model": "admin.logentry", "pk": 33, "fields": {"action_time": "2023-07-09T08:56:27.228Z", "user": ["hsw8147@gmail.com"], "content_type": ["user", "companyuser"], "object_id": "6", "object_repr": "1234567895", "action_flag": 2, "change_message": "[]"}}, {"model": "admin.logentry", "pk": 34, "fields": {"action_time": "2023-07-09T08:56:58.082Z", "user": ["hsw8147@gmail.com"], "content_type": ["user", "companyuser"], "object_id": "10", "object_repr": "1234567899", "action_flag": 1, "change_message": "[{\"added\": {}}]"}}, {"model": "admin.logentry", "pk": 35, "fields": {"action_time": "2023-07-09T11:30:35.614Z", "user": ["hsw8147@gmail.com"], "content_type": ["activity", "board"], "object_id": "1", "object_repr": "Board object (1)", "action_flag": 1, "change_message": "[{\"added\": {}}]"}}, {"model": "admin.logentry", "pk": 36, "fields": {"action_time": "2023-07-09T11:33:11.256Z", "user": ["hsw8147@gmail.com"], "content_type": ["activity", "activity"], "object_id": "1", "object_repr": "Activity object (1)", "action_flag": 1, "change_message": "[{\"added\": {}}]"}}, {"model": "admin.logentry", "pk": 37, "fields": {"action_time": "2023-07-09T12:16:08.092Z", "user": ["hsw8147@gmail.com"], "content_type": ["activity", "activity"], "object_id": "2", "object_repr": "Activity object (2)", "action_flag": 1, "change_message": "[{\"added\": {}}]"}}, {"model": "admin.logentry", "pk": 38, "fields": {"action_time": "2023-07-09T12:16:38.934Z", "user": ["hsw8147@gmail.com"], "content_type": ["activity", "board"], "object_id": "1", "object_repr": "주식회사 인톡", "action_flag": 2, "change_message": "[]"}}, {"model": "admin.logentry", "pk": 39, "fields": {"action_time": "2023-07-09T12:16:46.211Z", "user": ["hsw8147@gmail.com"], "content_type": ["activity", "board"], "object_id": "1", "object_repr": "주식회사 인톡", "action_flag": 2, "change_message": "[]"}}, {"model": "admin.logentry", "pk": 40, "fields": {"action_time": "2023-07-09T12:18:12.540Z", "user": ["hsw8147@gmail.com"], "content_type": ["activity", "activity"], "object_id": "3", "object_repr": "Activity object (3)", "action_flag": 1, "change_message": "[{\"added\": {}}]"}}, {"model": "admin.logentry", "pk": 41, "fields": {"action_time": "2023-07-09T12:18:15.356Z", "user": ["hsw8147@gmail.com"], "content_type": ["activity", "activity"], "object_id": "2", "object_repr": "Activity object (2)", "action_flag": 2, "change_message": "[]"}}, {"model": "admin.logentry", "pk": 42, "fields": {"action_time": "2023-07-09T12:24:27.649Z", "user": ["hsw8147@gmail.com"], "content_type": ["activity", "board"], "object_id": "2", "object_repr": "놀잇", "action_flag": 1, "change_message": "[{\"added\": {}}]"}}, {"model": "admin.logentry", "pk": 43, "fields": {"action_time": "2023-07-09T12:30:07.549Z", "user": ["hsw8147@gmail.com"], "content_type": ["activity", "activity"], "object_id": "4", "object_repr": "Activity object (4)", "action_flag": 1, "change_message": "[{\"added\": {}}]"}}, {"model": "admin.logentry", "pk": 44, "fields": {"action_time": "2023-07-09T12:31:38.931Z", "user": ["hsw8147@gmail.com"], "content_type": ["activity", "activity"], "object_id": "5", "object_repr": "Activity object (5)", "action_flag": 1, "change_message": "[{\"added\": {}}]"}}, {"model": "admin.logentry", "pk": 45, "fields": {"action_time": "2023-07-09T12:37:08.395Z", "user": ["hsw8147@gmail.com"], "content_type": ["activity", "board"], "object_id": "3", "object_repr": "리빌더AI", "action_flag": 1, "change_message": "[{\"added\": {}}]"}}, {"model": "admin.logentry", "pk": 46, "fields": {"action_time": "2023-07-09T13:01:13.264Z", "user": ["hsw8147@gmail.com"], "content_type": ["activity", "activity"], "object_id": "6", "object_repr": "Activity object (6)", "action_flag": 1, "change_message": "[{\"added\": {}}]"}}, {"model": "admin.logentry", "pk": 47, "fields": {"action_time": "2023-07-09T13:02:46.607Z", "user": ["hsw8147@gmail.com"], "content_type": ["activity", "activity"], "object_id": "7", "object_repr": "Activity object (7)", "action_flag": 1, "change_message": "[{\"added\": {}}]"}}, {"model": "admin.logentry", "pk": 48, "fields": {"action_time": "2023-07-09T13:04:42.493Z", "user": ["hsw8147@gmail.com"], "content_type": ["activity", "board"], "object_id": "4", "object_repr": "주식회사 라피", "action_flag": 1, "change_message": "[{\"added\": {}}]"}}, {"model": "admin.logentry", "pk": 49, "fields": {"action_time": "2023-07-09T13:05:48.401Z", "user": ["hsw8147@gmail.com"], "content_type": ["activity", "activity"], "object_id": "8", "object_repr": "Activity object (8)", "action_flag": 1, "change_message": "[{\"added\": {}}]"}}, {"model": "admin.logentry", "pk": 50, "fields": {"action_time": "2023-07-09T13:07:51.334Z", "user": ["hsw8147@gmail.com"], "content_type": ["activity", "board"], "object_id": "5", "object_repr": "바이트컴퍼니", "action_flag": 1, "change_message": "[{\"added\": {}}]"}}, {"model": "admin.logentry", "pk": 51, "fields": {"action_time": "2023-07-09T13:09:39.831Z", "user": ["hsw8147@gmail.com"], "content_type": ["activity", "activity"], "object_id": "9", "object_repr": "Activity object (9)", "action_flag": 1, "change_message": "[{\"added\": {}}]"}}, {"model": "admin.logentry", "pk": 52, "fields": {"action_time": "2023-07-09T13:11:08.766Z", "user": ["hsw8147@gmail.com"], "content_type": ["activity", "board"], "object_id": "6", "object_repr": "GFD", "action_flag": 1, "change_message": "[{\"added\": {}}]"}}, {"model": "admin.logentry", "pk": 53, "fields": {"action_time": "2023-07-09T13:12:06.710Z", "user": ["hsw8147@gmail.com"], "content_type": ["activity", "activity"], "object_id": "10", "object_repr": "Activity object (10)", "action_flag": 1, "change_message": "[{\"added\": {}}]"}}, {"model": "admin.logentry", "pk": 54, "fields": {"action_time": "2023-07-09T13:14:37.324Z", "user": ["hsw8147@gmail.com"], "content_type": ["activity", "board"], "object_id": "7", "object_repr": "위드마인드", "action_flag": 1, "change_message": "[{\"added\": {}}]"}}, {"model": "admin.logentry", "pk": 55, "fields": {"action_time": "2023-07-09T13:16:05.060Z", "user": ["hsw8147@gmail.com"], "content_type": ["activity", "activity"], "object_id": "11", "object_repr": "Activity object (11)", "action_flag": 1, "change_message": "[{\"added\": {}}]"}}, {"model": "admin.logentry", "pk": 56, "fields": {"action_time": "2023-07-09T13:20:34.913Z", "user": ["hsw8147@gmail.com"], "content_type": ["activity", "board"], "object_id": "8", "object_repr": "주식회사 피에로컴퍼니", "action_flag": 1, "change_message": "[{\"added\": {}}]"}}, {"model": "admin.logentry", "pk": 57, "fields": {"action_time": "2023-07-09T13:22:15.242Z", "user": ["hsw8147@gmail.com"], "content_type": ["activity", "activity"], "object_id": "12", "object_repr": "Activity object (12)", "action_flag": 1, "change_message": "[{\"added\": {}}]"}}, {"model": "admin.logentry", "pk": 58, "fields": {"action_time": "2023-07-09T13:24:27.455Z", "user": ["hsw8147@gmail.com"], "content_type": ["activity", "board"], "object_id": "9", "object_repr": "주식회사 더대박컴퍼니", "action_flag": 1, "change_message": "[{\"added\": {}}]"}}, {"model": "admin.logentry", "pk": 59, "fields": {"action_time": "2023-07-09T13:25:39.824Z", "user": ["hsw8147@gmail.com"], "content_type": ["activity", "activity"], "object_id": "13", "object_repr": "Activity object (13)", "action_flag": 1, "change_message": "[{\"added\": {}}]"}}, {"model": "admin.logentry", "pk": 60, "fields": {"action_time": "2023-07-09T14:19:38.284Z", "user": ["hsw8147@gmail.com"], "content_type": ["activity", "board"], "object_id": "1", "object_repr": "주식회사 인톡", "action_flag": 2, "change_message": "[{\"changed\": {\"fields\": [\"Logo\", \"Banner\"]}}]"}}, {"model": "admin.logentry", "pk": 61, "fields": {"action_time": "2023-07-09T14:19:57.919Z", "user": ["hsw8147@gmail.com"], "content_type": ["activity", "board"], "object_id": "2", "object_repr": "놀잇", "action_flag": 2, "change_message": "[{\"changed\": {\"fields\": [\"Logo\", \"Banner\"]}}]"}}, {"model": "admin.logentry", "pk": 62, "fields": {"action_time": "2023-07-09T14:20:12.407Z", "user": ["hsw8147@gmail.com"], "content_type": ["activity", "board"], "object_id": "3", "object_repr": "리빌더AI", "action_flag": 2, "change_message": "[{\"changed\": {\"fields\": [\"Logo\", \"Banner\"]}}]"}}, {"model": "admin.logentry", "pk": 63, "fields": {"action_time": "2023-07-09T14:21:34.397Z", "user": ["hsw8147@gmail.com"], "content_type": ["activity", "board"], "object_id": "4", "object_repr": "주식회사 라피", "action_flag": 2, "change_message": "[{\"changed\": {\"fields\": [\"Logo\", \"Banner\"]}}]"}}, {"model": "admin.logentry", "pk": 64, "fields": {"action_time": "2023-07-09T14:21:44.655Z", "user": ["hsw8147@gmail.com"], "content_type": ["activity", "board"], "object_id": "5", "object_repr": "바이트컴퍼니", "action_flag": 2, "change_message": "[{\"changed\": {\"fields\": [\"Banner\"]}}]"}}, {"model": "admin.logentry", "pk": 65, "fields": {"action_time": "2023-07-09T14:21:56.345Z", "user": ["hsw8147@gmail.com"], "content_type": ["activity", "board"], "object_id": "6", "object_repr": "GFD", "action_flag": 2, "change_message": "[{\"changed\": {\"fields\": [\"Logo\", \"Banner\"]}}]"}}, {"model": "admin.logentry", "pk": 66, "fields": {"action_time": "2023-07-09T14:22:06.837Z", "user": ["hsw8147@gmail.com"], "content_type": ["activity", "board"], "object_id": "7", "object_repr": "위드마인드", "action_flag": 2, "change_message": "[{\"changed\": {\"fields\": [\"Logo\", \"Banner\"]}}]"}}, {"model": "admin.logentry", "pk": 67, "fields": {"action_time": "2023-07-09T14:22:17.024Z", "user": ["hsw8147@gmail.com"], "content_type": ["activity", "board"], "object_id": "8", "object_repr": "주식회사 피에로컴퍼니", "action_flag": 2, "change_message": "[{\"changed\": {\"fields\": [\"Logo\", \"Banner\"]}}]"}}, {"model": "admin.logentry", "pk": 68, "fields": {"action_time": "2023-07-09T14:22:36.823Z", "user": ["hsw8147@gmail.com"], "content_type": ["activity", "board"], "object_id": "9", "object_repr": "주식회사 더대박컴퍼니", "action_flag": 2, "change_message": "[{\"changed\": {\"fields\": [\"Logo\", \"Banner\"]}}]"}}]